{
    "jzPayAmount": "10000",
    "jzRebatePoint": "0.120",
    "hgERebatePoint": "0.023",
    "hgARebatePoint": "0.02",
    "refreshFreq": "10",
    "refreshStatus": 0,
    "data": [
        {
            "calcId": "241990501111",
            "competitionType": "意甲",
            "level": "周五006",
            "matchTime": "2024-05-25 02:45",
            "teamNameH": "热那亚",
            "teamNameA": "博洛尼亚",
            "jzPValue": 0,
            "jzRateType": "体 彩（半全场）",
            "jzHhRate": "5.25",
            "jzHdRate": "15.00",
            "jzHaRate": "28.00",
            "jzDhRate": "7.00",
            "jzDdRate": "5.25",
            "jzDaRate": "5.25",
            "jzAhRate": "5.25",
            "jzAdRate": "15.00",
            "jzAaRate": "3.50",
            "changeJzHhRate": 0,
            "changeJzHdRate": 0,
            "changeJzHaRate": 0,
            "changeJzDhRate": 0,
            "changeJzDdRate": 0,
            "changeJzDaRate": 0,
            "changeJzAhRate": 0,
            "changeJzAdRate": 0,
            "changeJzAaRate": 0,
            "jzHhHighlight": false,
            "jzHdHighlight": true,
            "jzHaHighlight": false,
            "jzDhHighlight": false,
            "jzDdHighlight": true,
            "jzDaHighlight": false,
            "jzAhHighlight": false,
            "jzAdHighlight": true,
            "jzAaHighlight": false,
            "jzHhPayAmount": null,
            "jzHdPayAmount": "2059",
            "jzHaPayAmount": null,
            "jzDhPayAmount": null,
            "jzDdPayAmount": "5883",
            "jzDaPayAmount": null,
            "jzAhPayAmount": null,
            "jzAdPayAmount": "2059",
            "jzAaPayAmount": null,
            "jzHhBenefitAmount": null,
            "jzHdBenefitAmount": "30885",
            "jzHaBenefitAmount": null,
            "jzDhBenefitAmount": null,
            "jzDdBenefitAmount": null,
            "jzDaBenefitAmount": null,
            "jzAhBenefitAmount": null,
            "jzAdBenefitAmount": null,
            "jzAaBenefitAmount": null,
            "hgRateType": "欧   赔",
            "hgWRate": "3.50",
            "hgPDisplay": "",
            "hgPValue": 0.0,
            "hgDRate": "3.30",
            "hgLRate": "2.22",
            "changeHgWRate": 0,
            "changeHgDRate": 0,
            "changeHgLRate": 0,
            "hgWHighlight": true,
            "hgDHighlight": false,
            "hgLHighlight": true,
            "hgWPayAmount": "8738",
            "hgDPayAmount": null,
            "hgLPayAmount": "13881",
            "hgWBenefitAmount": null,
            "playType": null,
            "totalBenefitAmount": "-15",
            "totalBenefitPoint": -0.15
        },
        {
            "calcId": "258040301111",
            "competitionType": "荷甲",
            "level": "周四003",
            "matchTime": "2024-05-24 03:00",
            "teamNameH": "乌德勒支",
            "teamNameA": "鹿特丹斯巴达",
            "jzPValue": 0,
            "jzRateType": "体 彩（半全场）",
            "jzHhRate": "2.50",
            "jzHdRate": "15.00",
            "jzHaRate": "37.00",
            "jzDhRate": "4.40",
            "jzDdRate": "6.35",
            "jzDaRate": "11.00",
            "jzAhRate": "2.50",
            "jzAdRate": "15.00",
            "jzAaRate": "8.00",
            "changeJzHhRate": 0,
            "changeJzHdRate": 0,
            "changeJzHaRate": 0,
            "changeJzDhRate": 0,
            "changeJzDdRate": 0,
            "changeJzDaRate": 0,
            "changeJzAhRate": 0,
            "changeJzAdRate": 0,
            "changeJzAaRate": 0,
            "jzHhHighlight": false,
            "jzHdHighlight": false,
            "jzHaHighlight": true,
            "jzDhHighlight": false,
            "jzDdHighlight": false,
            "jzDaHighlight": true,
            "jzAhHighlight": false,
            "jzAdHighlight": false,
            "jzAaHighlight": true,
            "jzHhPayAmount": null,
            "jzHdPayAmount": null,
            "jzHaPayAmount": "1113",
            "jzDhPayAmount": null,
            "jzDdPayAmount": null,
            "jzDaPayAmount": "3744",
            "jzAhPayAmount": null,
            "jzAdPayAmount": null,
            "jzAaPayAmount": "5148",
            "jzHhBenefitAmount": null,
            "jzHdBenefitAmount": null,
            "jzHaBenefitAmount": "41181",
            "jzDhBenefitAmount": null,
            "jzDdBenefitAmount": null,
            "jzDaBenefitAmount": null,
            "jzAhBenefitAmount": null,
            "jzAdBenefitAmount": null,
            "jzAaBenefitAmount": null,
            "hgRateType": "欧   赔",
            "hgWRate": "1.76",
            "hgPDisplay": "",
            "hgPValue": 0.0,
            "hgDRate": "4.05",
            "hgLRate": "4.25",
            "changeHgWRate": 0,
            "changeHgDRate": 0,
            "changeHgLRate": 0,
            "hgWHighlight": true,
            "hgDHighlight": true,
            "hgLHighlight": false,
            "hgWPayAmount": "23472",
            "hgDPayAmount": "10051",
            "hgLPayAmount": null,
            "hgWBenefitAmount": null,
            "playType": null,
            "totalBenefitAmount": "-375",
            "totalBenefitPoint": -3.75
        },
        {
            "calcId": "241990501111",
            "competitionType": "意甲",
            "level": "周五006",
            "matchTime": "2024-05-25 02:45",
            "teamNameH": "热那亚",
            "teamNameA": "博洛尼亚",
            "jzPValue": 0,
            "jzRateType": "体 彩（半全场）",
            "jzHhRate": "5.25",
            "jzHdRate": "15.00",
            "jzHaRate": "28.00",
            "jzDhRate": "7.00",
            "jzDdRate": "5.25",
            "jzDaRate": "5.25",
            "jzAhRate": "5.25",
            "jzAdRate": "15.00",
            "jzAaRate": "3.50",
            "changeJzHhRate": 0,
            "changeJzHdRate": 0,
            "changeJzHaRate": 0,
            "changeJzDhRate": 0,
            "changeJzDdRate": 0,
            "changeJzDaRate": 0,
            "changeJzAhRate": 0,
            "changeJzAdRate": 0,
            "changeJzAaRate": 0,
            "jzHhHighlight": false,
            "jzHdHighlight": false,
            "jzHaHighlight": true,
            "jzDhHighlight": false,
            "jzDdHighlight": false,
            "jzDaHighlight": true,
            "jzAhHighlight": false,
            "jzAdHighlight": false,
            "jzAaHighlight": true,
            "jzHhPayAmount": null,
            "jzHdPayAmount": null,
            "jzHaPayAmount": "698",
            "jzDhPayAmount": null,
            "jzDdPayAmount": null,
            "jzDaPayAmount": "3723",
            "jzAhPayAmount": null,
            "jzAdPayAmount": null,
            "jzAaPayAmount": "5584",
            "jzHhBenefitAmount": null,
            "jzHdBenefitAmount": null,
            "jzHaBenefitAmount": "19544",
            "jzDhBenefitAmount": null,
            "jzDdBenefitAmount": null,
            "jzDaBenefitAmount": null,
            "jzAhBenefitAmount": null,
            "jzAdBenefitAmount": null,
            "jzAaBenefitAmount": null,
            "hgRateType": "欧   赔",
            "hgWRate": "3.50",
            "hgPDisplay": "",
            "hgPValue": 0.0,
            "hgDRate": "3.30",
            "hgLRate": "2.22",
            "changeHgWRate": 0,
            "changeHgDRate": 0,
            "changeHgLRate": 0,
            "hgWHighlight": true,
            "hgDHighlight": true,
            "hgLHighlight": false,
            "hgWPayAmount": "5529",
            "hgDPayAmount": "5869",
            "hgLPayAmount": null,
            "hgWBenefitAmount": null,
            "playType": null,
            "totalBenefitAmount": "-396",
            "totalBenefitPoint": -3.96
        },
        {
            "calcId": "258041701111",
            "competitionType": "德乙",
            "level": "周五004",
            "matchTime": "2024-05-25 02:30",
            "teamNameH": "雷根斯堡",
            "teamNameA": "韦恩",
            "jzPValue": 0,
            "jzRateType": "体 彩（半全场）",
            "jzHhRate": "4.20",
            "jzHdRate": "14.50",
            "jzHaRate": "29.00",
            "jzDhRate": "5.60",
            "jzDdRate": "5.25",
            "jzDaRate": "6.05",
            "jzAhRate": "4.20",
            "jzAdRate": "14.50",
            "jzAaRate": "4.50",
            "changeJzHhRate": 0,
            "changeJzHdRate": 0,
            "changeJzHaRate": 0,
            "changeJzDhRate": 0,
            "changeJzDdRate": 0,
            "changeJzDaRate": 0,
            "changeJzAhRate": 0,
            "changeJzAdRate": 0,
            "changeJzAaRate": 0,
            "jzHhHighlight": false,
            "jzHdHighlight": true,
            "jzHaHighlight": false,
            "jzDhHighlight": false,
            "jzDdHighlight": true,
            "jzDaHighlight": false,
            "jzAhHighlight": false,
            "jzAdHighlight": true,
            "jzAaHighlight": false,
            "jzHhPayAmount": null,
            "jzHdPayAmount": "2100",
            "jzHaPayAmount": null,
            "jzDhPayAmount": null,
            "jzDdPayAmount": "5800",
            "jzDaPayAmount": null,
            "jzAhPayAmount": null,
            "jzAdPayAmount": "2100",
            "jzAaPayAmount": null,
            "jzHhBenefitAmount": null,
            "jzHdBenefitAmount": "30450",
            "jzHaBenefitAmount": null,
            "jzDhBenefitAmount": null,
            "jzDdBenefitAmount": null,
            "jzDaBenefitAmount": null,
            "jzAhBenefitAmount": null,
            "jzAdBenefitAmount": null,
            "jzAaBenefitAmount": null,
            "hgRateType": "欧   赔",
            "hgWRate": "2.80",
            "hgPDisplay": "",
            "hgPValue": 0.0,
            "hgDRate": "3.05",
            "hgLRate": "2.51",
            "changeHgWRate": 0,
            "changeHgDRate": 0,
            "changeHgLRate": 0,
            "hgWHighlight": true,
            "hgDHighlight": false,
            "hgLHighlight": true,
            "hgWPayAmount": "10804",
            "hgDPayAmount": null,
            "hgLPayAmount": "12075",
            "hgWBenefitAmount": null,
            "playType": null,
            "totalBenefitAmount": "-703",
            "totalBenefitPoint": -7.03
        },
        {
            "calcId": "258041701111",
            "competitionType": "德乙",
            "level": "周五004",
            "matchTime": "2024-05-25 02:30",
            "teamNameH": "雷根斯堡",
            "teamNameA": "韦恩",
            "jzPValue": 0,
            "jzRateType": "体 彩（半全场）",
            "jzHhRate": "4.20",
            "jzHdRate": "14.50",
            "jzHaRate": "29.00",
            "jzDhRate": "5.60",
            "jzDdRate": "5.25",
            "jzDaRate": "6.05",
            "jzAhRate": "4.20",
            "jzAdRate": "14.50",
            "jzAaRate": "4.50",
            "changeJzHhRate": 0,
            "changeJzHdRate": 0,
            "changeJzHaRate": 0,
            "changeJzDhRate": 0,
            "changeJzDdRate": 0,
            "changeJzDaRate": 0,
            "changeJzAhRate": 0,
            "changeJzAdRate": 0,
            "changeJzAaRate": 0,
            "jzHhHighlight": false,
            "jzHdHighlight": false,
            "jzHaHighlight": true,
            "jzDhHighlight": false,
            "jzDdHighlight": false,
            "jzDaHighlight": true,
            "jzAhHighlight": false,
            "jzAdHighlight": false,
            "jzAaHighlight": true,
            "jzHhPayAmount": null,
            "jzHdPayAmount": null,
            "jzHaPayAmount": "817",
            "jzDhPayAmount": null,
            "jzDdPayAmount": null,
            "jzDaPayAmount": "3916",
            "jzAhPayAmount": null,
            "jzAdPayAmount": null,
            "jzAaPayAmount": "5265",
            "jzHhBenefitAmount": null,
            "jzHdBenefitAmount": null,
            "jzHaBenefitAmount": "23693",
            "jzDhBenefitAmount": null,
            "jzDdBenefitAmount": null,
            "jzDaBenefitAmount": null,
            "jzAhBenefitAmount": null,
            "jzAdBenefitAmount": null,
            "jzAaBenefitAmount": null,
            "hgRateType": "欧   赔",
            "hgWRate": "2.80",
            "hgPDisplay": "",
            "hgPValue": 0.0,
            "hgDRate": "3.05",
            "hgLRate": "2.51",
            "changeHgWRate": 0,
            "changeHgDRate": 0,
            "changeHgLRate": 0,
            "hgWHighlight": true,
            "hgDHighlight": true,
            "hgLHighlight": false,
            "hgWPayAmount": "8407",
            "hgDPayAmount": "7707",
            "hgLPayAmount": null,
            "hgWBenefitAmount": null,
            "playType": null,
            "totalBenefitAmount": "-849",
            "totalBenefitPoint": -8.49
        },
        {
            "calcId": "258038901111",
            "competitionType": "德乙",
            "level": "周四001",
            "matchTime": "2024-05-24 02:30",
            "teamNameH": "波鸿",
            "teamNameA": "杜塞尔多夫",
            "jzPValue": 0,
            "jzRateType": "体 彩（半全场）",
            "jzHhRate": "3.50",
            "jzHdRate": "13.00",
            "jzHaRate": "25.00",
            "jzDhRate": "5.10",
            "jzDdRate": "5.60",
            "jzDaRate": "7.50",
            "jzAhRate": "3.50",
            "jzAdRate": "13.00",
            "jzAaRate": "5.70",
            "changeJzHhRate": 0,
            "changeJzHdRate": 0,
            "changeJzHaRate": 0,
            "changeJzDhRate": 0,
            "changeJzDdRate": 0,
            "changeJzDaRate": 0,
            "changeJzAhRate": 0,
            "changeJzAdRate": 0,
            "changeJzAaRate": 0,
            "jzHhHighlight": false,
            "jzHdHighlight": true,
            "jzHaHighlight": false,
            "jzDhHighlight": false,
            "jzDdHighlight": true,
            "jzDaHighlight": false,
            "jzAhHighlight": false,
            "jzAdHighlight": true,
            "jzAaHighlight": false,
            "jzHhPayAmount": null,
            "jzHdPayAmount": "2314",
            "jzHaPayAmount": null,
            "jzDhPayAmount": null,
            "jzDdPayAmount": "5372",
            "jzDaPayAmount": null,
            "jzAhPayAmount": null,
            "jzAdPayAmount": "2314",
            "jzAaPayAmount": null,
            "jzHhBenefitAmount": null,
            "jzHdBenefitAmount": "30082",
            "jzHaBenefitAmount": null,
            "jzDhBenefitAmount": null,
            "jzDdBenefitAmount": null,
            "jzDaBenefitAmount": null,
            "jzAhBenefitAmount": null,
            "jzAdBenefitAmount": null,
            "jzAaBenefitAmount": null,
            "hgRateType": "欧   赔",
            "hgWRate": "2.18",
            "hgPDisplay": "",
            "hgPValue": 0.0,
            "hgDRate": "3.50",
            "hgLRate": "3.35",
            "changeHgWRate": 0,
            "changeHgDRate": 0,
            "changeHgLRate": 0,
            "hgWHighlight": true,
            "hgDHighlight": false,
            "hgLHighlight": true,
            "hgWPayAmount": "13773",
            "hgDPayAmount": null,
            "hgLPayAmount": "8897",
            "hgWBenefitAmount": null,
            "playType": null,
            "totalBenefitAmount": "-865",
            "totalBenefitPoint": -8.65
        },
        {
            "calcId": "258038901111",
            "competitionType": "德乙",
            "level": "周四001",
            "matchTime": "2024-05-24 02:30",
            "teamNameH": "波鸿",
            "teamNameA": "杜塞尔多夫",
            "jzPValue": 0,
            "jzRateType": "体 彩（半全场）",
            "jzHhRate": "3.50",
            "jzHdRate": "13.00",
            "jzHaRate": "25.00",
            "jzDhRate": "5.10",
            "jzDdRate": "5.60",
            "jzDaRate": "7.50",
            "jzAhRate": "3.50",
            "jzAdRate": "13.00",
            "jzAaRate": "5.70",
            "changeJzHhRate": 0,
            "changeJzHdRate": 0,
            "changeJzHaRate": 0,
            "changeJzDhRate": 0,
            "changeJzDdRate": 0,
            "changeJzDaRate": 0,
            "changeJzAhRate": 0,
            "changeJzAdRate": 0,
            "changeJzAaRate": 0,
            "jzHhHighlight": false,
            "jzHdHighlight": false,
            "jzHaHighlight": true,
            "jzDhHighlight": false,
            "jzDdHighlight": false,
            "jzDaHighlight": true,
            "jzAhHighlight": false,
            "jzAdHighlight": false,
            "jzAaHighlight": true,
            "jzHhPayAmount": null,
            "jzHdPayAmount": null,
            "jzHaPayAmount": "1147",
            "jzDhPayAmount": null,
            "jzDdPayAmount": null,
            "jzDaPayAmount": "3823",
            "jzAhPayAmount": null,
            "jzAdPayAmount": null,
            "jzAaPayAmount": "5031",
            "jzHhBenefitAmount": null,
            "jzHdBenefitAmount": null,
            "jzHaBenefitAmount": "28675",
            "jzDhBenefitAmount": null,
            "jzDdBenefitAmount": null,
            "jzDaBenefitAmount": null,
            "jzAhBenefitAmount": null,
            "jzAdBenefitAmount": null,
            "jzAaBenefitAmount": null,
            "hgRateType": "欧   赔",
            "hgWRate": "2.18",
            "hgPDisplay": "",
            "hgPValue": 0.0,
            "hgDRate": "3.50",
            "hgLRate": "3.35",
            "changeHgWRate": 0,
            "changeHgDRate": 0,
            "changeHgLRate": 0,
            "hgWHighlight": true,
            "hgDHighlight": true,
            "hgLHighlight": false,
            "hgWPayAmount": "13129",
            "hgDPayAmount": "8113",
            "hgLPayAmount": null,
            "hgWBenefitAmount": null,
            "playType": null,
            "totalBenefitAmount": "-878",
            "totalBenefitPoint": -8.78
        },
        {
            "calcId": "258040201111",
            "competitionType": "荷甲",
            "level": "周四002",
            "matchTime": "2024-05-24 00:45",
            "teamNameH": "尼美根",
            "teamNameA": "前进之鹰",
            "jzPValue": 0,
            "jzRateType": "体 彩（半全场）",
            "jzHhRate": "2.80",
            "jzHdRate": "13.50",
            "jzHaRate": "32.00",
            "jzDhRate": "4.80",
            "jzDdRate": "6.60",
            "jzDaRate": "9.00",
            "jzAhRate": "2.80",
            "jzAdRate": "13.50",
            "jzAaRate": "6.50",
            "changeJzHhRate": 0,
            "changeJzHdRate": 0,
            "changeJzHaRate": 0,
            "changeJzDhRate": 0,
            "changeJzDdRate": 0,
            "changeJzDaRate": 0,
            "changeJzAhRate": 0,
            "changeJzAdRate": 0,
            "changeJzAaRate": 0,
            "jzHhHighlight": false,
            "jzHdHighlight": false,
            "jzHaHighlight": true,
            "jzDhHighlight": false,
            "jzDdHighlight": false,
            "jzDaHighlight": true,
            "jzAhHighlight": false,
            "jzAdHighlight": false,
            "jzAaHighlight": true,
            "jzHhPayAmount": null,
            "jzHdPayAmount": null,
            "jzHaPayAmount": "1055",
            "jzDhPayAmount": null,
            "jzDdPayAmount": null,
            "jzDaPayAmount": "3751",
            "jzAhPayAmount": null,
            "jzAdPayAmount": null,
            "jzAaPayAmount": "5194",
            "jzHhBenefitAmount": null,
            "jzHdBenefitAmount": null,
            "jzHaBenefitAmount": "33760",
            "jzDhBenefitAmount": null,
            "jzDdBenefitAmount": null,
            "jzDaBenefitAmount": null,
            "jzAhBenefitAmount": null,
            "jzAdBenefitAmount": null,
            "jzAaBenefitAmount": null,
            "hgRateType": "欧   赔",
            "hgWRate": "1.90",
            "hgPDisplay": "",
            "hgPValue": 0.0,
            "hgDRate": "3.85",
            "hgLRate": "3.75",
            "changeHgWRate": 0,
            "changeHgDRate": 0,
            "changeHgLRate": 0,
            "hgWHighlight": true,
            "hgDHighlight": true,
            "hgLHighlight": false,
            "hgWPayAmount": "17790",
            "hgDPayAmount": "8673",
            "hgLPayAmount": null,
            "hgWBenefitAmount": null,
            "playType": null,
            "totalBenefitAmount": "-895",
            "totalBenefitPoint": -8.95
        },
        {
            "calcId": "258099701111",
            "competitionType": "法乙",
            "level": "周五005",
            "matchTime": "2024-05-25 02:30",
            "teamNameH": "圣埃蒂安",
            "teamNameA": "罗德兹",
            "jzPValue": 0,
            "jzRateType": "体 彩（半全场）",
            "jzHhRate": "2.65",
            "jzHdRate": "16.00",
            "jzHaRate": "35.00",
            "jzDhRate": "4.50",
            "jzDdRate": "6.00",
            "jzDaRate": "10.00",
            "jzAhRate": "2.65",
            "jzAdRate": "16.00",
            "jzAaRate": "7.25",
            "changeJzHhRate": 0,
            "changeJzHdRate": 0,
            "changeJzHaRate": 0,
            "changeJzDhRate": 0,
            "changeJzDdRate": 0,
            "changeJzDaRate": 0,
            "changeJzAhRate": 0,
            "changeJzAdRate": 0,
            "changeJzAaRate": 0,
            "jzHhHighlight": false,
            "jzHdHighlight": true,
            "jzHaHighlight": false,
            "jzDhHighlight": false,
            "jzDdHighlight": true,
            "jzDaHighlight": false,
            "jzAhHighlight": false,
            "jzAdHighlight": true,
            "jzAaHighlight": false,
            "jzHhPayAmount": null,
            "jzHdPayAmount": "2143",
            "jzHaPayAmount": null,
            "jzDhPayAmount": null,
            "jzDdPayAmount": "5715",
            "jzDaPayAmount": null,
            "jzAhPayAmount": null,
            "jzAdPayAmount": "2143",
            "jzAaPayAmount": null,
            "jzHhBenefitAmount": null,
            "jzHdBenefitAmount": "34288",
            "jzHaBenefitAmount": null,
            "jzDhBenefitAmount": null,
            "jzDdBenefitAmount": null,
            "jzDaBenefitAmount": null,
            "jzAhBenefitAmount": null,
            "jzAdBenefitAmount": null,
            "jzAaBenefitAmount": null,
            "hgRateType": "欧   赔",
            "hgWRate": "1.85",
            "hgPDisplay": "",
            "hgPValue": 0.0,
            "hgDRate": "3.55",
            "hgLRate": "3.90",
            "changeHgWRate": 0,
            "changeHgDRate": 0,
            "changeHgLRate": 0,
            "hgWHighlight": true,
            "hgDHighlight": false,
            "hgLHighlight": true,
            "hgWPayAmount": "18569",
            "hgDPayAmount": null,
            "hgLPayAmount": "8694",
            "hgWBenefitAmount": null,
            "playType": null,
            "totalBenefitAmount": "-1149",
            "totalBenefitPoint": -11.49
        },
        {
            "calcId": "258040201111",
            "competitionType": "荷甲",
            "level": "周四002",
            "matchTime": "2024-05-24 00:45",
            "teamNameH": "尼美根",
            "teamNameA": "前进之鹰",
            "jzPValue": 0,
            "jzRateType": "体 彩（半全场）",
            "jzHhRate": "2.80",
            "jzHdRate": "13.50",
            "jzHaRate": "32.00",
            "jzDhRate": "4.80",
            "jzDdRate": "6.60",
            "jzDaRate": "9.00",
            "jzAhRate": "2.80",
            "jzAdRate": "13.50",
            "jzAaRate": "6.50",
            "changeJzHhRate": 0,
            "changeJzHdRate": 0,
            "changeJzHaRate": 0,
            "changeJzDhRate": 0,
            "changeJzDdRate": 0,
            "changeJzDaRate": 0,
            "changeJzAhRate": 0,
            "changeJzAdRate": 0,
            "changeJzAaRate": 0,
            "jzHhHighlight": false,
            "jzHdHighlight": true,
            "jzHaHighlight": false,
            "jzDhHighlight": false,
            "jzDdHighlight": true,
            "jzDaHighlight": false,
            "jzAhHighlight": false,
            "jzAdHighlight": true,
            "jzAaHighlight": false,
            "jzHhPayAmount": null,
            "jzHdPayAmount": "2472",
            "jzHaPayAmount": null,
            "jzDhPayAmount": null,
            "jzDdPayAmount": "5056",
            "jzDaPayAmount": null,
            "jzAhPayAmount": null,
            "jzAdPayAmount": "2472",
            "jzAaPayAmount": null,
            "jzHhBenefitAmount": null,
            "jzHdBenefitAmount": "33372",
            "jzHaBenefitAmount": null,
            "jzDhBenefitAmount": null,
            "jzDdBenefitAmount": null,
            "jzDaBenefitAmount": null,
            "jzAhBenefitAmount": null,
            "jzAdBenefitAmount": null,
            "jzAaBenefitAmount": null,
            "hgRateType": "欧   赔",
            "hgWRate": "1.90",
            "hgPDisplay": "",
            "hgPValue": 0.0,
            "hgDRate": "3.85",
            "hgLRate": "3.75",
            "changeHgWRate": 0,
            "changeHgDRate": 0,
            "changeHgLRate": 0,
            "hgWHighlight": true,
            "hgDHighlight": false,
            "hgLHighlight": true,
            "hgWPayAmount": "17585",
            "hgDPayAmount": null,
            "hgLPayAmount": "8805",
            "hgWBenefitAmount": null,
            "playType": null,
            "totalBenefitAmount": "-1210",
            "totalBenefitPoint": -12.1
        },
        {
            "calcId": "258099701111",
            "competitionType": "法乙",
            "level": "周五005",
            "matchTime": "2024-05-25 02:30",
            "teamNameH": "圣埃蒂安",
            "teamNameA": "罗德兹",
            "jzPValue": 0,
            "jzRateType": "体 彩（半全场）",
            "jzHhRate": "2.65",
            "jzHdRate": "16.00",
            "jzHaRate": "35.00",
            "jzDhRate": "4.50",
            "jzDdRate": "6.00",
            "jzDaRate": "10.00",
            "jzAhRate": "2.65",
            "jzAdRate": "16.00",
            "jzAaRate": "7.25",
            "changeJzHhRate": 0,
            "changeJzHdRate": 0,
            "changeJzHaRate": 0,
            "changeJzDhRate": 0,
            "changeJzDdRate": 0,
            "changeJzDaRate": 0,
            "changeJzAhRate": 0,
            "changeJzAdRate": 0,
            "changeJzAaRate": 0,
            "jzHhHighlight": false,
            "jzHdHighlight": false,
            "jzHaHighlight": true,
            "jzDhHighlight": false,
            "jzDdHighlight": false,
            "jzDaHighlight": true,
            "jzAhHighlight": false,
            "jzAdHighlight": false,
            "jzAaHighlight": true,
            "jzHhPayAmount": null,
            "jzHdPayAmount": null,
            "jzHaPayAmount": "1072",
            "jzDhPayAmount": null,
            "jzDdPayAmount": null,
            "jzDaPayAmount": "3752",
            "jzAhPayAmount": null,
            "jzAdPayAmount": null,
            "jzAaPayAmount": "5175",
            "jzHhBenefitAmount": null,
            "jzHdBenefitAmount": null,
            "jzHaBenefitAmount": "37520",
            "jzDhBenefitAmount": null,
            "jzDdBenefitAmount": null,
            "jzDaBenefitAmount": null,
            "jzAhBenefitAmount": null,
            "jzAdBenefitAmount": null,
            "jzAaBenefitAmount": null,
            "hgRateType": "欧   赔",
            "hgWRate": "1.85",
            "hgPDisplay": "",
            "hgPValue": 0.0,
            "hgDRate": "3.55",
            "hgLRate": "3.90",
            "changeHgWRate": 0,
            "changeHgDRate": 0,
            "changeHgLRate": 0,
            "hgWHighlight": true,
            "hgDHighlight": true,
            "hgLHighlight": false,
            "hgWPayAmount": "20319",
            "hgDPayAmount": "10464",
            "hgLPayAmount": null,
            "hgWBenefitAmount": null,
            "playType": null,
            "totalBenefitAmount": "-1354",
            "totalBenefitPoint": -13.54
        },
        {
            "calcId": "258040301111",
            "competitionType": "荷甲",
            "level": "周四003",
            "matchTime": "2024-05-24 03:00",
            "teamNameH": "乌德勒支",
            "teamNameA": "鹿特丹斯巴达",
            "jzPValue": 0,
            "jzRateType": "体 彩（半全场）",
            "jzHhRate": "2.50",
            "jzHdRate": "15.00",
            "jzHaRate": "37.00",
            "jzDhRate": "4.40",
            "jzDdRate": "6.35",
            "jzDaRate": "11.00",
            "jzAhRate": "2.50",
            "jzAdRate": "15.00",
            "jzAaRate": "8.00",
            "changeJzHhRate": 0,
            "changeJzHdRate": 0,
            "changeJzHaRate": 0,
            "changeJzDhRate": 0,
            "changeJzDdRate": 0,
            "changeJzDaRate": 0,
            "changeJzAhRate": 0,
            "changeJzAdRate": 0,
            "changeJzAaRate": 0,
            "jzHhHighlight": false,
            "jzHdHighlight": true,
            "jzHaHighlight": false,
            "jzDhHighlight": false,
            "jzDdHighlight": true,
            "jzDaHighlight": false,
            "jzAhHighlight": false,
            "jzAdHighlight": true,
            "jzAaHighlight": false,
            "jzHhPayAmount": null,
            "jzHdPayAmount": "2292",
            "jzHaPayAmount": null,
            "jzDhPayAmount": null,
            "jzDdPayAmount": "5414",
            "jzDaPayAmount": null,
            "jzAhPayAmount": null,
            "jzAdPayAmount": "2292",
            "jzAaPayAmount": null,
            "jzHhBenefitAmount": null,
            "jzHdBenefitAmount": "34380",
            "jzHaBenefitAmount": null,
            "jzDhBenefitAmount": null,
            "jzDdBenefitAmount": null,
            "jzDaBenefitAmount": null,
            "jzAhBenefitAmount": null,
            "jzAdBenefitAmount": null,
            "jzAaBenefitAmount": null,
            "hgRateType": "欧   赔",
            "hgWRate": "1.76",
            "hgPDisplay": "",
            "hgPValue": 0.0,
            "hgDRate": "4.05",
            "hgLRate": "4.25",
            "changeHgWRate": 0,
            "changeHgDRate": 0,
            "changeHgLRate": 0,
            "hgWHighlight": true,
            "hgDHighlight": false,
            "hgLHighlight": true,
            "hgWPayAmount": "19596",
            "hgDPayAmount": null,
            "hgLPayAmount": "7992",
            "hgWBenefitAmount": null,
            "playType": null,
            "totalBenefitAmount": "-1371",
            "totalBenefitPoint": -13.71
        },
        {
            "calcId": "252945801111",
            "competitionType": "挪超",
            "level": "周五003",
            "matchTime": "2024-05-25 01:00",
            "teamNameH": "博德闪耀",
            "teamNameA": "KFUM奥斯陆",
            "jzPValue": 0,
            "jzRateType": "体 彩（半全场）",
            "jzHhRate": "1.53",
            "jzHdRate": "26.00",
            "jzHaRate": "90.00",
            "jzDhRate": "4.10",
            "jzDdRate": "11.00",
            "jzDaRate": "27.00",
            "jzAhRate": "1.53",
            "jzAdRate": "26.00",
            "jzAaRate": "21.00",
            "changeJzHhRate": 0,
            "changeJzHdRate": 0,
            "changeJzHaRate": 0,
            "changeJzDhRate": 0,
            "changeJzDdRate": 0,
            "changeJzDaRate": 0,
            "changeJzAhRate": 0,
            "changeJzAdRate": 0,
            "changeJzAaRate": 0,
            "jzHhHighlight": false,
            "jzHdHighlight": true,
            "jzHaHighlight": false,
            "jzDhHighlight": false,
            "jzDdHighlight": true,
            "jzDaHighlight": false,
            "jzAhHighlight": false,
            "jzAdHighlight": true,
            "jzAaHighlight": false,
            "jzHhPayAmount": null,
            "jzHdPayAmount": "2292",
            "jzHaPayAmount": null,
            "jzDhPayAmount": null,
            "jzDdPayAmount": "5417",
            "jzDaPayAmount": null,
            "jzAhPayAmount": null,
            "jzAdPayAmount": "2292",
            "jzAaPayAmount": null,
            "jzHhBenefitAmount": null,
            "jzHdBenefitAmount": "59592",
            "jzHaBenefitAmount": null,
            "jzDhBenefitAmount": null,
            "jzDdBenefitAmount": null,
            "jzDaBenefitAmount": null,
            "jzAhBenefitAmount": null,
            "jzAdBenefitAmount": null,
            "jzAaBenefitAmount": null,
            "hgRateType": "欧   赔",
            "hgWRate": "1.27",
            "hgPDisplay": "",
            "hgPValue": 0.0,
            "hgDRate": "6.20",
            "hgLRate": "9.40",
            "changeHgWRate": 0,
            "changeHgDRate": 0,
            "changeHgLRate": 0,
            "hgWHighlight": true,
            "hgDHighlight": false,
            "hgLHighlight": true,
            "hgWPayAmount": "47551",
            "hgDPayAmount": null,
            "hgLPayAmount": "6227",
            "hgWBenefitAmount": null,
            "playType": null,
            "totalBenefitAmount": "-1750",
            "totalBenefitPoint": -17.5
        },
        {
            "calcId": "252945801111",
            "competitionType": "挪超",
            "level": "周五003",
            "matchTime": "2024-05-25 01:00",
            "teamNameH": "博德闪耀",
            "teamNameA": "KFUM奥斯陆",
            "jzPValue": 0,
            "jzRateType": "体 彩（半全场）",
            "jzHhRate": "1.53",
            "jzHdRate": "26.00",
            "jzHaRate": "90.00",
            "jzDhRate": "4.10",
            "jzDdRate": "11.00",
            "jzDaRate": "27.00",
            "jzAhRate": "1.53",
            "jzAdRate": "26.00",
            "jzAaRate": "21.00",
            "changeJzHhRate": 0,
            "changeJzHdRate": 0,
            "changeJzHaRate": 0,
            "changeJzDhRate": 0,
            "changeJzDdRate": 0,
            "changeJzDaRate": 0,
            "changeJzAhRate": 0,
            "changeJzAdRate": 0,
            "changeJzAaRate": 0,
            "jzHhHighlight": false,
            "jzHdHighlight": false,
            "jzHaHighlight": true,
            "jzDhHighlight": false,
            "jzDdHighlight": false,
            "jzDaHighlight": true,
            "jzAhHighlight": false,
            "jzAdHighlight": false,
            "jzAaHighlight": true,
            "jzHhPayAmount": null,
            "jzHdPayAmount": null,
            "jzHaPayAmount": "1160",
            "jzDhPayAmount": null,
            "jzDdPayAmount": null,
            "jzDaPayAmount": "3867",
            "jzAhPayAmount": null,
            "jzAdPayAmount": null,
            "jzAaPayAmount": "4971",
            "jzHhBenefitAmount": null,
            "jzHdBenefitAmount": null,
            "jzHaBenefitAmount": "104400",
            "jzDhBenefitAmount": null,
            "jzDdBenefitAmount": null,
            "jzDaBenefitAmount": null,
            "jzAhBenefitAmount": null,
            "jzAdBenefitAmount": null,
            "jzAaBenefitAmount": null,
            "hgRateType": "欧   赔",
            "hgWRate": "1.27",
            "hgPDisplay": "",
            "hgPValue": 0.0,
            "hgDRate": "6.20",
            "hgLRate": "9.40",
            "changeHgWRate": 0,
            "changeHgDRate": 0,
            "changeHgLRate": 0,
            "hgWHighlight": true,
            "hgDHighlight": true,
            "hgLHighlight": false,
            "hgWPayAmount": "83306",
            "hgDPayAmount": "16580",
            "hgLPayAmount": null,
            "hgWBenefitAmount": null,
            "playType": null,
            "totalBenefitAmount": "-1987",
            "totalBenefitPoint": -19.87
        },
        {
            "calcId": "240466701111",
            "competitionType": "西甲",
            "level": "周五007",
            "matchTime": "2024-05-25 03:00",
            "teamNameH": "赫罗纳",
            "teamNameA": "格拉纳达",
            "jzPValue": 0,
            "jzRateType": "体 彩（半全场）",
            "jzHhRate": "1.65",
            "jzHdRate": "21.00",
            "jzHaRate": "65.00",
            "jzDhRate": "4.30",
            "jzDdRate": "11.00",
            "jzDaRate": "21.00",
            "jzAhRate": "1.65",
            "jzAdRate": "21.00",
            "jzAaRate": "15.00",
            "changeJzHhRate": 0,
            "changeJzHdRate": 0,
            "changeJzHaRate": 0,
            "changeJzDhRate": 0,
            "changeJzDdRate": 0,
            "changeJzDaRate": 0,
            "changeJzAhRate": 0,
            "changeJzAdRate": 0,
            "changeJzAaRate": 0,
            "jzHhHighlight": false,
            "jzHdHighlight": true,
            "jzHaHighlight": false,
            "jzDhHighlight": false,
            "jzDdHighlight": true,
            "jzDaHighlight": false,
            "jzAhHighlight": false,
            "jzAdHighlight": true,
            "jzAaHighlight": false,
            "jzHhPayAmount": null,
            "jzHdPayAmount": "2558",
            "jzHaPayAmount": null,
            "jzDhPayAmount": null,
            "jzDdPayAmount": "4883",
            "jzDaPayAmount": null,
            "jzAhPayAmount": null,
            "jzAdPayAmount": "2558",
            "jzAaPayAmount": null,
            "jzHhBenefitAmount": null,
            "jzHdBenefitAmount": "53718",
            "jzHaBenefitAmount": null,
            "jzDhBenefitAmount": null,
            "jzDdBenefitAmount": null,
            "jzDaBenefitAmount": null,
            "jzAhBenefitAmount": null,
            "jzAdBenefitAmount": null,
            "jzAaBenefitAmount": null,
            "hgRateType": "欧   赔",
            "hgWRate": "1.24",
            "hgPDisplay": "",
            "hgPValue": 0.0,
            "hgDRate": "7.20",
            "hgLRate": "10.50",
            "changeHgWRate": 0,
            "changeHgDRate": 0,
            "changeHgLRate": 0,
            "hgWHighlight": true,
            "hgDHighlight": false,
            "hgLHighlight": true,
            "hgWPayAmount": "43940",
            "hgDPayAmount": null,
            "hgLPayAmount": "5022",
            "hgWBenefitAmount": null,
            "playType": null,
            "totalBenefitAmount": "-2916",
            "totalBenefitPoint": -29.16
        },
        {
            "calcId": "251057601111",
            "competitionType": "瑞典超",
            "level": "周五001",
            "matchTime": "2024-05-25 01:00",
            "teamNameH": "埃尔夫斯堡",
            "teamNameA": "哈尔姆斯塔德",
            "jzPValue": 0,
            "jzRateType": "体 彩（半全场）",
            "jzHhRate": "1.85",
            "jzHdRate": "21.00",
            "jzHaRate": "65.00",
            "jzDhRate": "3.95",
            "jzDdRate": "7.75",
            "jzDaRate": "17.50",
            "jzAhRate": "1.85",
            "jzAdRate": "21.00",
            "jzAaRate": "13.50",
            "changeJzHhRate": 0,
            "changeJzHdRate": 0,
            "changeJzHaRate": 0,
            "changeJzDhRate": 0,
            "changeJzDdRate": 0,
            "changeJzDaRate": 0,
            "changeJzAhRate": 0,
            "changeJzAdRate": 0,
            "changeJzAaRate": 0,
            "jzHhHighlight": false,
            "jzHdHighlight": true,
            "jzHaHighlight": false,
            "jzDhHighlight": false,
            "jzDdHighlight": true,
            "jzDaHighlight": false,
            "jzAhHighlight": false,
            "jzAdHighlight": true,
            "jzAaHighlight": false,
            "jzHhPayAmount": null,
            "jzHdPayAmount": "2123",
            "jzHaPayAmount": null,
            "jzDhPayAmount": null,
            "jzDdPayAmount": "5753",
            "jzDaPayAmount": null,
            "jzAhPayAmount": null,
            "jzAdPayAmount": "2123",
            "jzAaPayAmount": null,
            "jzHhBenefitAmount": null,
            "jzHdBenefitAmount": "44583",
            "jzHaBenefitAmount": null,
            "jzDhBenefitAmount": null,
            "jzDdBenefitAmount": null,
            "jzDaBenefitAmount": null,
            "jzAhBenefitAmount": null,
            "jzAdBenefitAmount": null,
            "jzAaBenefitAmount": null,
            "hgRateType": "欧   赔",
            "hgWRate": "1.33",
            "hgPDisplay": "",
            "hgPValue": 0.0,
            "hgDRate": "5.00",
            "hgLRate": "7.60",
            "changeHgWRate": 0,
            "changeHgDRate": 0,
            "changeHgLRate": 0,
            "hgWHighlight": true,
            "hgDHighlight": false,
            "hgLHighlight": true,
            "hgWPayAmount": "33914",
            "hgDPayAmount": null,
            "hgLPayAmount": "5768",
            "hgWBenefitAmount": null,
            "playType": null,
            "totalBenefitAmount": "-2985",
            "totalBenefitPoint": -29.85
        },
        {
            "calcId": "251057901111",
            "competitionType": "瑞典超",
            "level": "周五002",
            "matchTime": "2024-05-25 01:00",
            "teamNameH": "马尔默",
            "teamNameA": "卡尔马",
            "jzPValue": 0,
            "jzRateType": "体 彩（半全场）",
            "jzHhRate": "1.48",
            "jzHdRate": "30.00",
            "jzHaRate": "125.0",
            "jzDhRate": "3.95",
            "jzDdRate": "11.00",
            "jzDaRate": "30.00",
            "jzAhRate": "1.48",
            "jzAdRate": "30.00",
            "jzAaRate": "25.00",
            "changeJzHhRate": 0,
            "changeJzHdRate": 0,
            "changeJzHaRate": 0,
            "changeJzDhRate": 0,
            "changeJzDdRate": 0,
            "changeJzDaRate": 0,
            "changeJzAhRate": 0,
            "changeJzAdRate": 0,
            "changeJzAaRate": 0,
            "jzHhHighlight": false,
            "jzHdHighlight": true,
            "jzHaHighlight": false,
            "jzDhHighlight": false,
            "jzDdHighlight": true,
            "jzDaHighlight": false,
            "jzAhHighlight": false,
            "jzAdHighlight": true,
            "jzAaHighlight": false,
            "jzHhPayAmount": null,
            "jzHdPayAmount": "2115",
            "jzHaPayAmount": null,
            "jzDhPayAmount": null,
            "jzDdPayAmount": "5768",
            "jzDaPayAmount": null,
            "jzAhPayAmount": null,
            "jzAdPayAmount": "2115",
            "jzAaPayAmount": null,
            "jzHhBenefitAmount": null,
            "jzHdBenefitAmount": "63450",
            "jzHaBenefitAmount": null,
            "jzDhBenefitAmount": null,
            "jzDdBenefitAmount": null,
            "jzDaBenefitAmount": null,
            "jzAhBenefitAmount": null,
            "jzAdBenefitAmount": null,
            "jzAaBenefitAmount": null,
            "hgRateType": "欧   赔",
            "hgWRate": "1.22",
            "hgPDisplay": "",
            "hgPValue": 0.0,
            "hgDRate": "6.20",
            "hgLRate": "10.00",
            "changeHgWRate": 0,
            "changeHgDRate": 0,
            "changeHgLRate": 0,
            "hgWHighlight": true,
            "hgDHighlight": false,
            "hgLHighlight": true,
            "hgWPayAmount": "52784",
            "hgDPayAmount": null,
            "hgLPayAmount": "6230",
            "hgWBenefitAmount": null,
            "playType": null,
            "totalBenefitAmount": "-3005",
            "totalBenefitPoint": -30.05
        },
        {
            "calcId": "258038901111",
            "competitionType": "德乙",
            "level": "周四001",
            "matchTime": "2024-05-24 02:30",
            "teamNameH": "波鸿",
            "teamNameA": "杜塞尔多夫",
            "jzPValue": 0,
            "jzRateType": "体 彩（半全场）",
            "jzHhRate": "3.50",
            "jzHdRate": "13.00",
            "jzHaRate": "25.00",
            "jzDhRate": "5.10",
            "jzDdRate": "5.60",
            "jzDaRate": "7.50",
            "jzAhRate": "3.50",
            "jzAdRate": "13.00",
            "jzAaRate": "5.70",
            "changeJzHhRate": 0,
            "changeJzHdRate": 0,
            "changeJzHaRate": 0,
            "changeJzDhRate": 0,
            "changeJzDdRate": 0,
            "changeJzDaRate": 0,
            "changeJzAhRate": 0,
            "changeJzAdRate": 0,
            "changeJzAaRate": 0,
            "jzHhHighlight": true,
            "jzHdHighlight": false,
            "jzHaHighlight": false,
            "jzDhHighlight": true,
            "jzDdHighlight": false,
            "jzDaHighlight": false,
            "jzAhHighlight": true,
            "jzAdHighlight": false,
            "jzAaHighlight": false,
            "jzHhPayAmount": "3723",
            "jzHdPayAmount": null,
            "jzHaPayAmount": null,
            "jzDhPayAmount": "2555",
            "jzDdPayAmount": null,
            "jzDaPayAmount": null,
            "jzAhPayAmount": "3723",
            "jzAdPayAmount": null,
            "jzAaPayAmount": null,
            "jzHhBenefitAmount": "13031",
            "jzHdBenefitAmount": null,
            "jzHaBenefitAmount": null,
            "jzDhBenefitAmount": null,
            "jzDdBenefitAmount": null,
            "jzDaBenefitAmount": null,
            "jzAhBenefitAmount": null,
            "jzAdBenefitAmount": null,
            "jzAaBenefitAmount": null,
            "hgRateType": "欧   赔",
            "hgWRate": "2.18",
            "hgPDisplay": "",
            "hgPValue": 0.0,
            "hgDRate": "3.50",
            "hgLRate": "3.35",
            "changeHgWRate": 0,
            "changeHgDRate": 0,
            "changeHgLRate": 0,
            "hgWHighlight": false,
            "hgDHighlight": true,
            "hgLHighlight": true,
            "hgWPayAmount": null,
            "hgDPayAmount": "3687",
            "hgLPayAmount": "3854",
            "hgWBenefitAmount": null,
            "playType": null,
            "totalBenefitAmount": "-3136",
            "totalBenefitPoint": -31.36
        },
        {
            "calcId": "240466701111",
            "competitionType": "西甲",
            "level": "周五007",
            "matchTime": "2024-05-25 03:00",
            "teamNameH": "赫罗纳",
            "teamNameA": "格拉纳达",
            "jzPValue": 0,
            "jzRateType": "体 彩（半全场）",
            "jzHhRate": "1.65",
            "jzHdRate": "21.00",
            "jzHaRate": "65.00",
            "jzDhRate": "4.30",
            "jzDdRate": "11.00",
            "jzDaRate": "21.00",
            "jzAhRate": "1.65",
            "jzAdRate": "21.00",
            "jzAaRate": "15.00",
            "changeJzHhRate": 0,
            "changeJzHdRate": 0,
            "changeJzHaRate": 0,
            "changeJzDhRate": 0,
            "changeJzDdRate": 0,
            "changeJzDaRate": 0,
            "changeJzAhRate": 0,
            "changeJzAdRate": 0,
            "changeJzAaRate": 0,
            "jzHhHighlight": true,
            "jzHdHighlight": false,
            "jzHaHighlight": false,
            "jzDhHighlight": true,
            "jzDdHighlight": false,
            "jzDaHighlight": false,
            "jzAhHighlight": true,
            "jzAdHighlight": false,
            "jzAaHighlight": false,
            "jzHhPayAmount": "4195",
            "jzHdPayAmount": null,
            "jzHaPayAmount": null,
            "jzDhPayAmount": "1610",
            "jzDdPayAmount": null,
            "jzDaPayAmount": null,
            "jzAhPayAmount": "4195",
            "jzAdPayAmount": null,
            "jzAaPayAmount": null,
            "jzHhBenefitAmount": "6922",
            "jzHdBenefitAmount": null,
            "jzHaBenefitAmount": null,
            "jzDhBenefitAmount": null,
            "jzDdBenefitAmount": null,
            "jzDaBenefitAmount": null,
            "jzAhBenefitAmount": null,
            "jzAdBenefitAmount": null,
            "jzAaBenefitAmount": null,
            "hgRateType": "欧   赔",
            "hgWRate": "1.24",
            "hgPDisplay": "",
            "hgPValue": 0.0,
            "hgDRate": "7.20",
            "hgLRate": "10.50",
            "changeHgWRate": 0,
            "changeHgDRate": 0,
            "changeHgLRate": 0,
            "hgWHighlight": false,
            "hgDHighlight": true,
            "hgLHighlight": true,
            "hgWPayAmount": null,
            "hgDPayAmount": "946",
            "hgLPayAmount": "647",
            "hgWBenefitAmount": null,
            "playType": null,
            "totalBenefitAmount": "-3435",
            "totalBenefitPoint": -34.35
        },
        {
            "calcId": "258040201111",
            "competitionType": "荷甲",
            "level": "周四002",
            "matchTime": "2024-05-24 00:45",
            "teamNameH": "尼美根",
            "teamNameA": "前进之鹰",
            "jzPValue": 0,
            "jzRateType": "体 彩（半全场）",
            "jzHhRate": "2.80",
            "jzHdRate": "13.50",
            "jzHaRate": "32.00",
            "jzDhRate": "4.80",
            "jzDdRate": "6.60",
            "jzDaRate": "9.00",
            "jzAhRate": "2.80",
            "jzAdRate": "13.50",
            "jzAaRate": "6.50",
            "changeJzHhRate": 0,
            "changeJzHdRate": 0,
            "changeJzHaRate": 0,
            "changeJzDhRate": 0,
            "changeJzDdRate": 0,
            "changeJzDaRate": 0,
            "changeJzAhRate": 0,
            "changeJzAdRate": 0,
            "changeJzAaRate": 0,
            "jzHhHighlight": true,
            "jzHdHighlight": false,
            "jzHaHighlight": false,
            "jzDhHighlight": true,
            "jzDdHighlight": false,
            "jzDaHighlight": false,
            "jzAhHighlight": true,
            "jzAdHighlight": false,
            "jzAaHighlight": false,
            "jzHhPayAmount": "3871",
            "jzHdPayAmount": null,
            "jzHaPayAmount": null,
            "jzDhPayAmount": "2258",
            "jzDdPayAmount": null,
            "jzDaPayAmount": null,
            "jzAhPayAmount": "3871",
            "jzAdPayAmount": null,
            "jzAaPayAmount": null,
            "jzHhBenefitAmount": "10839",
            "jzHdBenefitAmount": null,
            "jzHaBenefitAmount": null,
            "jzDhBenefitAmount": null,
            "jzDdBenefitAmount": null,
            "jzDaBenefitAmount": null,
            "jzAhBenefitAmount": null,
            "jzAdBenefitAmount": null,
            "jzAaBenefitAmount": null,
            "hgRateType": "欧   赔",
            "hgWRate": "1.90",
            "hgPDisplay": "",
            "hgPValue": 0.0,
            "hgDRate": "3.85",
            "hgLRate": "3.75",
            "changeHgWRate": 0,
            "changeHgDRate": 0,
            "changeHgLRate": 0,
            "hgWHighlight": false,
            "hgDHighlight": true,
            "hgLHighlight": true,
            "hgWPayAmount": null,
            "hgDPayAmount": "2785",
            "hgLPayAmount": "2860",
            "hgWBenefitAmount": null,
            "playType": null,
            "totalBenefitAmount": "-3475",
            "totalBenefitPoint": -34.75
        },
        {
            "calcId": "258040301111",
            "competitionType": "荷甲",
            "level": "周四003",
            "matchTime": "2024-05-24 03:00",
            "teamNameH": "乌德勒支",
            "teamNameA": "鹿特丹斯巴达",
            "jzPValue": 0,
            "jzRateType": "体 彩（半全场）",
            "jzHhRate": "2.50",
            "jzHdRate": "15.00",
            "jzHaRate": "37.00",
            "jzDhRate": "4.40",
            "jzDdRate": "6.35",
            "jzDaRate": "11.00",
            "jzAhRate": "2.50",
            "jzAdRate": "15.00",
            "jzAaRate": "8.00",
            "changeJzHhRate": 0,
            "changeJzHdRate": 0,
            "changeJzHaRate": 0,
            "changeJzDhRate": 0,
            "changeJzDdRate": 0,
            "changeJzDaRate": 0,
            "changeJzAhRate": 0,
            "changeJzAdRate": 0,
            "changeJzAaRate": 0,
            "jzHhHighlight": true,
            "jzHdHighlight": false,
            "jzHaHighlight": false,
            "jzDhHighlight": true,
            "jzDdHighlight": false,
            "jzDaHighlight": false,
            "jzAhHighlight": true,
            "jzAdHighlight": false,
            "jzAaHighlight": false,
            "jzHhPayAmount": "3894",
            "jzHdPayAmount": null,
            "jzHaPayAmount": null,
            "jzDhPayAmount": "2213",
            "jzDdPayAmount": null,
            "jzDaPayAmount": null,
            "jzAhPayAmount": "3894",
            "jzAdPayAmount": null,
            "jzAaPayAmount": null,
            "jzHhBenefitAmount": "9735",
            "jzHdBenefitAmount": null,
            "jzHaBenefitAmount": null,
            "jzDhBenefitAmount": null,
            "jzDdBenefitAmount": null,
            "jzDaBenefitAmount": null,
            "jzAhBenefitAmount": null,
            "jzAdBenefitAmount": null,
            "jzAaBenefitAmount": null,
            "hgRateType": "欧   赔",
            "hgWRate": "1.76",
            "hgPDisplay": "",
            "hgPValue": 0.0,
            "hgDRate": "4.05",
            "hgLRate": "4.25",
            "changeHgWRate": 0,
            "changeHgDRate": 0,
            "changeHgLRate": 0,
            "hgWHighlight": false,
            "hgDHighlight": true,
            "hgLHighlight": true,
            "hgWPayAmount": null,
            "hgDPayAmount": "2376",
            "hgLPayAmount": "2263",
            "hgWBenefitAmount": null,
            "playType": null,
            "totalBenefitAmount": "-3598",
            "totalBenefitPoint": -35.98
        },
        {
            "calcId": "240466701111",
            "competitionType": "西甲",
            "level": "周五007",
            "matchTime": "2024-05-25 03:00",
            "teamNameH": "赫罗纳",
            "teamNameA": "格拉纳达",
            "jzPValue": 0,
            "jzRateType": "体 彩（半全场）",
            "jzHhRate": "1.65",
            "jzHdRate": "21.00",
            "jzHaRate": "65.00",
            "jzDhRate": "4.30",
            "jzDdRate": "11.00",
            "jzDaRate": "21.00",
            "jzAhRate": "1.65",
            "jzAdRate": "21.00",
            "jzAaRate": "15.00",
            "changeJzHhRate": 0,
            "changeJzHdRate": 0,
            "changeJzHaRate": 0,
            "changeJzDhRate": 0,
            "changeJzDdRate": 0,
            "changeJzDaRate": 0,
            "changeJzAhRate": 0,
            "changeJzAdRate": 0,
            "changeJzAaRate": 0,
            "jzHhHighlight": false,
            "jzHdHighlight": false,
            "jzHaHighlight": true,
            "jzDhHighlight": false,
            "jzDdHighlight": false,
            "jzDaHighlight": true,
            "jzAhHighlight": false,
            "jzAdHighlight": false,
            "jzAaHighlight": true,
            "jzHhPayAmount": null,
            "jzHdPayAmount": null,
            "jzHaPayAmount": "1186",
            "jzDhPayAmount": null,
            "jzDdPayAmount": null,
            "jzDaPayAmount": "3671",
            "jzAhPayAmount": null,
            "jzAdPayAmount": null,
            "jzAaPayAmount": "5139",
            "jzHhBenefitAmount": null,
            "jzHdBenefitAmount": null,
            "jzHaBenefitAmount": "77090",
            "jzDhBenefitAmount": null,
            "jzDdBenefitAmount": null,
            "jzDaBenefitAmount": null,
            "jzAhBenefitAmount": null,
            "jzAdBenefitAmount": null,
            "jzAaBenefitAmount": null,
            "hgRateType": "欧   赔",
            "hgWRate": "1.24",
            "hgPDisplay": "",
            "hgPValue": 0.0,
            "hgDRate": "7.20",
            "hgLRate": "10.50",
            "changeHgWRate": 0,
            "changeHgDRate": 0,
            "changeHgLRate": 0,
            "hgWHighlight": true,
            "hgDHighlight": true,
            "hgLHighlight": false,
            "hgWPayAmount": "63058",
            "hgDPayAmount": "10532",
            "hgLPayAmount": null,
            "hgWBenefitAmount": null,
            "playType": null,
            "totalBenefitAmount": "-3604",
            "totalBenefitPoint": -36.04
        },
        {
            "calcId": "241990501111",
            "competitionType": "意甲",
            "level": "周五006",
            "matchTime": "2024-05-25 02:45",
            "teamNameH": "热那亚",
            "teamNameA": "博洛尼亚",
            "jzPValue": 0,
            "jzRateType": "体 彩（半全场）",
            "jzHhRate": "5.25",
            "jzHdRate": "15.00",
            "jzHaRate": "28.00",
            "jzDhRate": "7.00",
            "jzDdRate": "5.25",
            "jzDaRate": "5.25",
            "jzAhRate": "5.25",
            "jzAdRate": "15.00",
            "jzAaRate": "3.50",
            "changeJzHhRate": 0,
            "changeJzHdRate": 0,
            "changeJzHaRate": 0,
            "changeJzDhRate": 0,
            "changeJzDdRate": 0,
            "changeJzDaRate": 0,
            "changeJzAhRate": 0,
            "changeJzAdRate": 0,
            "changeJzAaRate": 0,
            "jzHhHighlight": true,
            "jzHdHighlight": false,
            "jzHaHighlight": false,
            "jzDhHighlight": true,
            "jzDdHighlight": false,
            "jzDaHighlight": false,
            "jzAhHighlight": true,
            "jzAdHighlight": false,
            "jzAaHighlight": false,
            "jzHhPayAmount": "3636",
            "jzHdPayAmount": null,
            "jzHaPayAmount": null,
            "jzDhPayAmount": "2727",
            "jzDdPayAmount": null,
            "jzDaPayAmount": null,
            "jzAhPayAmount": "3636",
            "jzAdPayAmount": null,
            "jzAaPayAmount": null,
            "jzHhBenefitAmount": "19089",
            "jzHdBenefitAmount": null,
            "jzHaBenefitAmount": null,
            "jzDhBenefitAmount": null,
            "jzDdBenefitAmount": null,
            "jzDaBenefitAmount": null,
            "jzAhBenefitAmount": null,
            "jzAdBenefitAmount": null,
            "jzAaBenefitAmount": null,
            "hgRateType": "欧   赔",
            "hgWRate": "3.50",
            "hgPDisplay": "",
            "hgPValue": 0.0,
            "hgDRate": "3.30",
            "hgLRate": "2.22",
            "changeHgWRate": 0,
            "changeHgDRate": 0,
            "changeHgLRate": 0,
            "hgWHighlight": false,
            "hgDHighlight": true,
            "hgLHighlight": true,
            "hgWPayAmount": null,
            "hgDPayAmount": "5733",
            "hgLPayAmount": "8579",
            "hgWBenefitAmount": null,
            "playType": null,
            "totalBenefitAmount": "-3694",
            "totalBenefitPoint": -36.94
        },
        {
            "calcId": "251057601111",
            "competitionType": "瑞典超",
            "level": "周五001",
            "matchTime": "2024-05-25 01:00",
            "teamNameH": "埃尔夫斯堡",
            "teamNameA": "哈尔姆斯塔德",
            "jzPValue": 0,
            "jzRateType": "体 彩（半全场）",
            "jzHhRate": "1.85",
            "jzHdRate": "21.00",
            "jzHaRate": "65.00",
            "jzDhRate": "3.95",
            "jzDdRate": "7.75",
            "jzDaRate": "17.50",
            "jzAhRate": "1.85",
            "jzAdRate": "21.00",
            "jzAaRate": "13.50",
            "changeJzHhRate": 0,
            "changeJzHdRate": 0,
            "changeJzHaRate": 0,
            "changeJzDhRate": 0,
            "changeJzDdRate": 0,
            "changeJzDaRate": 0,
            "changeJzAhRate": 0,
            "changeJzAdRate": 0,
            "changeJzAaRate": 0,
            "jzHhHighlight": true,
            "jzHdHighlight": false,
            "jzHaHighlight": false,
            "jzDhHighlight": true,
            "jzDdHighlight": false,
            "jzDaHighlight": false,
            "jzAhHighlight": true,
            "jzAdHighlight": false,
            "jzAaHighlight": false,
            "jzHhPayAmount": "4051",
            "jzHdPayAmount": null,
            "jzHaPayAmount": null,
            "jzDhPayAmount": "1897",
            "jzDdPayAmount": null,
            "jzDaPayAmount": null,
            "jzAhPayAmount": "4051",
            "jzAdPayAmount": null,
            "jzAaPayAmount": null,
            "jzHhBenefitAmount": "7494",
            "jzHdBenefitAmount": null,
            "jzHaBenefitAmount": null,
            "jzDhBenefitAmount": null,
            "jzDdBenefitAmount": null,
            "jzDaBenefitAmount": null,
            "jzAhBenefitAmount": null,
            "jzAdBenefitAmount": null,
            "jzAaBenefitAmount": null,
            "hgRateType": "欧   赔",
            "hgWRate": "1.33",
            "hgPDisplay": "",
            "hgPValue": 0.0,
            "hgDRate": "5.00",
            "hgLRate": "7.60",
            "changeHgWRate": 0,
            "changeHgDRate": 0,
            "changeHgLRate": 0,
            "hgWHighlight": false,
            "hgDHighlight": true,
            "hgLHighlight": true,
            "hgWPayAmount": null,
            "hgDPayAmount": "1478",
            "hgLPayAmount": "970",
            "hgWBenefitAmount": null,
            "playType": null,
            "totalBenefitAmount": "-3697",
            "totalBenefitPoint": -36.97
        },
        {
            "calcId": "258099701111",
            "competitionType": "法乙",
            "level": "周五005",
            "matchTime": "2024-05-25 02:30",
            "teamNameH": "圣埃蒂安",
            "teamNameA": "罗德兹",
            "jzPValue": 0,
            "jzRateType": "体 彩（半全场）",
            "jzHhRate": "2.65",
            "jzHdRate": "16.00",
            "jzHaRate": "35.00",
            "jzDhRate": "4.50",
            "jzDdRate": "6.00",
            "jzDaRate": "10.00",
            "jzAhRate": "2.65",
            "jzAdRate": "16.00",
            "jzAaRate": "7.25",
            "changeJzHhRate": 0,
            "changeJzHdRate": 0,
            "changeJzHaRate": 0,
            "changeJzDhRate": 0,
            "changeJzDdRate": 0,
            "changeJzDaRate": 0,
            "changeJzAhRate": 0,
            "changeJzAdRate": 0,
            "changeJzAaRate": 0,
            "jzHhHighlight": true,
            "jzHdHighlight": false,
            "jzHaHighlight": false,
            "jzDhHighlight": true,
            "jzDdHighlight": false,
            "jzDaHighlight": false,
            "jzAhHighlight": true,
            "jzAdHighlight": false,
            "jzAaHighlight": false,
            "jzHhPayAmount": "3863",
            "jzHdPayAmount": null,
            "jzHaPayAmount": null,
            "jzDhPayAmount": "2275",
            "jzDdPayAmount": null,
            "jzDaPayAmount": null,
            "jzAhPayAmount": "3863",
            "jzAdPayAmount": null,
            "jzAaPayAmount": null,
            "jzHhBenefitAmount": "10237",
            "jzHdBenefitAmount": null,
            "jzHaBenefitAmount": null,
            "jzDhBenefitAmount": null,
            "jzDdBenefitAmount": null,
            "jzDaBenefitAmount": null,
            "jzAhBenefitAmount": null,
            "jzAdBenefitAmount": null,
            "jzAaBenefitAmount": null,
            "hgRateType": "欧   赔",
            "hgWRate": "1.85",
            "hgPDisplay": "",
            "hgPValue": 0.0,
            "hgDRate": "3.55",
            "hgLRate": "3.90",
            "changeHgWRate": 0,
            "changeHgDRate": 0,
            "changeHgLRate": 0,
            "hgWHighlight": false,
            "hgDHighlight": true,
            "hgLHighlight": true,
            "hgWPayAmount": null,
            "hgDPayAmount": "2855",
            "hgLPayAmount": "2596",
            "hgWBenefitAmount": null,
            "playType": null,
            "totalBenefitAmount": "-3888",
            "totalBenefitPoint": -38.88
        },
        {
            "calcId": "252945801111",
            "competitionType": "挪超",
            "level": "周五003",
            "matchTime": "2024-05-25 01:00",
            "teamNameH": "博德闪耀",
            "teamNameA": "KFUM奥斯陆",
            "jzPValue": 0,
            "jzRateType": "体 彩（半全场）",
            "jzHhRate": "1.53",
            "jzHdRate": "26.00",
            "jzHaRate": "90.00",
            "jzDhRate": "4.10",
            "jzDdRate": "11.00",
            "jzDaRate": "27.00",
            "jzAhRate": "1.53",
            "jzAdRate": "26.00",
            "jzAaRate": "21.00",
            "changeJzHhRate": 0,
            "changeJzHdRate": 0,
            "changeJzHaRate": 0,
            "changeJzDhRate": 0,
            "changeJzDdRate": 0,
            "changeJzDaRate": 0,
            "changeJzAhRate": 0,
            "changeJzAdRate": 0,
            "changeJzAaRate": 0,
            "jzHhHighlight": true,
            "jzHdHighlight": false,
            "jzHaHighlight": false,
            "jzDhHighlight": true,
            "jzDdHighlight": false,
            "jzDaHighlight": false,
            "jzAhHighlight": true,
            "jzAdHighlight": false,
            "jzAaHighlight": false,
            "jzHhPayAmount": "4214",
            "jzHdPayAmount": null,
            "jzHaPayAmount": null,
            "jzDhPayAmount": "1572",
            "jzDdPayAmount": null,
            "jzDaPayAmount": null,
            "jzAhPayAmount": "4214",
            "jzAdPayAmount": null,
            "jzAaPayAmount": null,
            "jzHhBenefitAmount": "6447",
            "jzHdBenefitAmount": null,
            "jzHaBenefitAmount": null,
            "jzDhBenefitAmount": null,
            "jzDdBenefitAmount": null,
            "jzDaBenefitAmount": null,
            "jzAhBenefitAmount": null,
            "jzAdBenefitAmount": null,
            "jzAaBenefitAmount": null,
            "hgRateType": "欧   赔",
            "hgWRate": "1.27",
            "hgPDisplay": "",
            "hgPValue": 0.0,
            "hgDRate": "6.20",
            "hgLRate": "9.40",
            "changeHgWRate": 0,
            "changeHgDRate": 0,
            "changeHgLRate": 0,
            "hgWHighlight": false,
            "hgDHighlight": true,
            "hgLHighlight": true,
            "hgWPayAmount": null,
            "hgDPayAmount": "1024",
            "hgLPayAmount": "674",
            "hgWBenefitAmount": null,
            "playType": null,
            "totalBenefitAmount": "-4010",
            "totalBenefitPoint": -40.1
        },
        {
            "calcId": "251057901111",
            "competitionType": "瑞典超",
            "level": "周五002",
            "matchTime": "2024-05-25 01:00",
            "teamNameH": "马尔默",
            "teamNameA": "卡尔马",
            "jzPValue": 0,
            "jzRateType": "体 彩（半全场）",
            "jzHhRate": "1.48",
            "jzHdRate": "30.00",
            "jzHaRate": "125.0",
            "jzDhRate": "3.95",
            "jzDdRate": "11.00",
            "jzDaRate": "30.00",
            "jzAhRate": "1.48",
            "jzAdRate": "30.00",
            "jzAaRate": "25.00",
            "changeJzHhRate": 0,
            "changeJzHdRate": 0,
            "changeJzHaRate": 0,
            "changeJzDhRate": 0,
            "changeJzDdRate": 0,
            "changeJzDaRate": 0,
            "changeJzAhRate": 0,
            "changeJzAdRate": 0,
            "changeJzAaRate": 0,
            "jzHhHighlight": true,
            "jzHdHighlight": false,
            "jzHaHighlight": false,
            "jzDhHighlight": true,
            "jzDdHighlight": false,
            "jzDaHighlight": false,
            "jzAhHighlight": true,
            "jzAdHighlight": false,
            "jzAaHighlight": false,
            "jzHhPayAmount": "4211",
            "jzHdPayAmount": null,
            "jzHaPayAmount": null,
            "jzDhPayAmount": "1578",
            "jzDdPayAmount": null,
            "jzDaPayAmount": null,
            "jzAhPayAmount": "4211",
            "jzAdPayAmount": null,
            "jzAaPayAmount": null,
            "jzHhBenefitAmount": "6232",
            "jzHdBenefitAmount": null,
            "jzHaBenefitAmount": null,
            "jzDhBenefitAmount": null,
            "jzDdBenefitAmount": null,
            "jzDaBenefitAmount": null,
            "jzAhBenefitAmount": null,
            "jzAdBenefitAmount": null,
            "jzAaBenefitAmount": null,
            "hgRateType": "欧   赔",
            "hgWRate": "1.22",
            "hgPDisplay": "",
            "hgPValue": 0.0,
            "hgDRate": "6.20",
            "hgLRate": "10.00",
            "changeHgWRate": 0,
            "changeHgDRate": 0,
            "changeHgLRate": 0,
            "hgWHighlight": false,
            "hgDHighlight": true,
            "hgLHighlight": true,
            "hgWPayAmount": null,
            "hgDPayAmount": "990",
            "hgLPayAmount": "612",
            "hgWBenefitAmount": null,
            "playType": null,
            "totalBenefitAmount": "-4134",
            "totalBenefitPoint": -41.34
        },
        {
            "calcId": "258041701111",
            "competitionType": "德乙",
            "level": "周五004",
            "matchTime": "2024-05-25 02:30",
            "teamNameH": "雷根斯堡",
            "teamNameA": "韦恩",
            "jzPValue": 0,
            "jzRateType": "体 彩（半全场）",
            "jzHhRate": "4.20",
            "jzHdRate": "14.50",
            "jzHaRate": "29.00",
            "jzDhRate": "5.60",
            "jzDdRate": "5.25",
            "jzDaRate": "6.05",
            "jzAhRate": "4.20",
            "jzAdRate": "14.50",
            "jzAaRate": "4.50",
            "changeJzHhRate": 0,
            "changeJzHdRate": 0,
            "changeJzHaRate": 0,
            "changeJzDhRate": 0,
            "changeJzDdRate": 0,
            "changeJzDaRate": 0,
            "changeJzAhRate": 0,
            "changeJzAdRate": 0,
            "changeJzAaRate": 0,
            "jzHhHighlight": true,
            "jzHdHighlight": false,
            "jzHaHighlight": false,
            "jzDhHighlight": true,
            "jzDdHighlight": false,
            "jzDaHighlight": false,
            "jzAhHighlight": true,
            "jzAdHighlight": false,
            "jzAaHighlight": false,
            "jzHhPayAmount": "3636",
            "jzHdPayAmount": null,
            "jzHaPayAmount": null,
            "jzDhPayAmount": "2727",
            "jzDdPayAmount": null,
            "jzDaPayAmount": null,
            "jzAhPayAmount": "3636",
            "jzAdPayAmount": null,
            "jzAaPayAmount": null,
            "jzHhBenefitAmount": "15271",
            "jzHdBenefitAmount": null,
            "jzHaBenefitAmount": null,
            "jzDhBenefitAmount": null,
            "jzDdBenefitAmount": null,
            "jzDaBenefitAmount": null,
            "jzAhBenefitAmount": null,
            "jzAdBenefitAmount": null,
            "jzAaBenefitAmount": null,
            "hgRateType": "欧   赔",
            "hgWRate": "2.80",
            "hgPDisplay": "",
            "hgPValue": 0.0,
            "hgDRate": "3.05",
            "hgLRate": "2.51",
            "changeHgWRate": 0,
            "changeHgDRate": 0,
            "changeHgLRate": 0,
            "hgWHighlight": false,
            "hgDHighlight": true,
            "hgLHighlight": true,
            "hgWPayAmount": null,
            "hgDPayAmount": "4968",
            "hgLPayAmount": "6056",
            "hgWBenefitAmount": null,
            "playType": null,
            "totalBenefitAmount": "-4300",
            "totalBenefitPoint": -43.0
        },
        {
            "calcId": "251057601111",
            "competitionType": "瑞典超",
            "level": "周五001",
            "matchTime": "2024-05-25 01:00",
            "teamNameH": "埃尔夫斯堡",
            "teamNameA": "哈尔姆斯塔德",
            "jzPValue": 0,
            "jzRateType": "体 彩（半全场）",
            "jzHhRate": "1.85",
            "jzHdRate": "21.00",
            "jzHaRate": "65.00",
            "jzDhRate": "3.95",
            "jzDdRate": "7.75",
            "jzDaRate": "17.50",
            "jzAhRate": "1.85",
            "jzAdRate": "21.00",
            "jzAaRate": "13.50",
            "changeJzHhRate": 0,
            "changeJzHdRate": 0,
            "changeJzHaRate": 0,
            "changeJzDhRate": 0,
            "changeJzDdRate": 0,
            "changeJzDaRate": 0,
            "changeJzAhRate": 0,
            "changeJzAdRate": 0,
            "changeJzAaRate": 0,
            "jzHhHighlight": false,
            "jzHdHighlight": false,
            "jzHaHighlight": true,
            "jzDhHighlight": false,
            "jzDdHighlight": false,
            "jzDaHighlight": true,
            "jzAhHighlight": false,
            "jzAdHighlight": false,
            "jzAaHighlight": true,
            "jzHhPayAmount": null,
            "jzHdPayAmount": null,
            "jzHaPayAmount": "1049",
            "jzDhPayAmount": null,
            "jzDdPayAmount": null,
            "jzDaPayAmount": "3896",
            "jzAhPayAmount": null,
            "jzAdPayAmount": null,
            "jzAaPayAmount": "5051",
            "jzHhBenefitAmount": null,
            "jzHdBenefitAmount": null,
            "jzHaBenefitAmount": "68185",
            "jzDhBenefitAmount": null,
            "jzDdBenefitAmount": null,
            "jzDaBenefitAmount": null,
            "jzAhBenefitAmount": null,
            "jzAdBenefitAmount": null,
            "jzAaBenefitAmount": null,
            "hgRateType": "欧   赔",
            "hgWRate": "1.33",
            "hgPDisplay": "",
            "hgPValue": 0.0,
            "hgDRate": "5.00",
            "hgLRate": "7.60",
            "changeHgWRate": 0,
            "changeHgDRate": 0,
            "changeHgLRate": 0,
            "hgWHighlight": true,
            "hgDHighlight": true,
            "hgLHighlight": false,
            "hgWPayAmount": "51868",
            "hgDPayAmount": "13451",
            "hgLPayAmount": null,
            "hgWBenefitAmount": null,
            "playType": null,
            "totalBenefitAmount": "-4428",
            "totalBenefitPoint": -44.28
        },
        {
            "calcId": "251057901111",
            "competitionType": "瑞典超",
            "level": "周五002",
            "matchTime": "2024-05-25 01:00",
            "teamNameH": "马尔默",
            "teamNameA": "卡尔马",
            "jzPValue": 0,
            "jzRateType": "体 彩（半全场）",
            "jzHhRate": "1.48",
            "jzHdRate": "30.00",
            "jzHaRate": "125.0",
            "jzDhRate": "3.95",
            "jzDdRate": "11.00",
            "jzDaRate": "30.00",
            "jzAhRate": "1.48",
            "jzAdRate": "30.00",
            "jzAaRate": "25.00",
            "changeJzHhRate": 0,
            "changeJzHdRate": 0,
            "changeJzHaRate": 0,
            "changeJzDhRate": 0,
            "changeJzDdRate": 0,
            "changeJzDaRate": 0,
            "changeJzAhRate": 0,
            "changeJzAdRate": 0,
            "changeJzAaRate": 0,
            "jzHhHighlight": false,
            "jzHdHighlight": false,
            "jzHaHighlight": true,
            "jzDhHighlight": false,
            "jzDdHighlight": false,
            "jzDaHighlight": true,
            "jzAhHighlight": false,
            "jzAdHighlight": false,
            "jzAaHighlight": true,
            "jzHhPayAmount": null,
            "jzHdPayAmount": null,
            "jzHaPayAmount": "984",
            "jzDhPayAmount": null,
            "jzDdPayAmount": null,
            "jzDaPayAmount": "4100",
            "jzAhPayAmount": null,
            "jzAdPayAmount": null,
            "jzAaPayAmount": "4920",
            "jzHhBenefitAmount": null,
            "jzHdBenefitAmount": null,
            "jzHaBenefitAmount": "123000",
            "jzDhBenefitAmount": null,
            "jzDdBenefitAmount": null,
            "jzDaBenefitAmount": null,
            "jzAhBenefitAmount": null,
            "jzAdBenefitAmount": null,
            "jzAaBenefitAmount": null,
            "hgRateType": "欧   赔",
            "hgWRate": "1.22",
            "hgPDisplay": "",
            "hgPValue": 0.0,
            "hgDRate": "6.20",
            "hgLRate": "10.00",
            "changeHgWRate": 0,
            "changeHgDRate": 0,
            "changeHgLRate": 0,
            "hgWHighlight": true,
            "hgDHighlight": true,
            "hgLHighlight": false,
            "hgWPayAmount": "102324",
            "hgDPayAmount": "19534",
            "hgLPayAmount": null,
            "hgWBenefitAmount": null,
            "playType": null,
            "totalBenefitAmount": "-4860",
            "totalBenefitPoint": -48.6
        }
    ],
    "ttgData": []
}