{
  "jzPayAmount": "10000",
  "jzRebatePoint": "0.07",
  "hgERebatePoint": "0.013",
  "hgARebatePoint": "0.02",
  "refreshFreq": "10",
  "refreshStatus": 0,
  "data": [
    {
      "calcId": "204650901126",
      "competitionType": "葡超",
      "level": "周一003",
      "matchTime": "2021-08-17 02:00",
      "teamNameH": "博阿维斯塔",
      "teamNameA": "费雷拉",
      "jzPValue": 0,
      "jzRateType": "体   彩",
      "jzWRate": "2.64",
      "jzDRate": "2.80",
      "jzLRate": "2.48",
      "changeJzWRate": 0,
      "changeJzDRate": 0,
      "changeJzLRate": 0,
      "jzWHighlight": false,
      "jzDHighlight": false,
      "jzLHighlight": true,
      "jzWPayAmount": null,
      "jzDPayAmount": null,
      "jzLPayAmount": "10000",
      "hgRateType": "亚   赔",
      "hgWRate": "1.82",
      "hgPDisplay": "欧赔平 3.00",
      "hgPValue": -0.25,
      "hgDRate": "3.00",
      "hgLRate": "受让平手/半球 1.08",
      "changeHgWRate": 0,
      "changeHgDRate": 0,
      "changeHgLRate": 0,
      "hgWHighlight": true,
      "hgDHighlight": true,
      "hgLHighlight": false,
      "hgWPayAmount": "14439",
      "hgDPayAmount": "1480",
      "hgLPayAmount": null,
      "hgWBenefitAmount": null,
      "jzS0Rate": null,
      "changeJzS0Rate": 0,
      "jzS1Rate": null,
      "changeJzS1Rate": 0,
      "jzS2Rate": null,
      "changeJzS2Rate": 0,
      "jzS3Rate": null,
      "changeJzS3Rate": 0,
      "jzS4Rate": null,
      "changeJzS4Rate": 0,
      "jzS5Rate": null,
      "changeJzS5Rate": 0,
      "jzS6Rate": null,
      "changeJzS6Rate": 0,
      "jzS7Rate": null,
      "changeJzS7Rate": 0,
      "jzS0Highlight": false,
      "jzS1Highlight": false,
      "jzS2Highlight": false,
      "jzS3Highlight": false,
      "jzS4Highlight": false,
      "jzS5Highlight": false,
      "jzS6Highlight": false,
      "jzS7Highlight": false,
      "jzS0PayAmount": null,
      "jzS1PayAmount": null,
      "jzS2PayAmount": null,
      "jzS3PayAmount": null,
      "jzS4PayAmount": null,
      "jzS5PayAmount": null,
      "jzS6PayAmount": null,
      "jzS7PayAmount": null,
      "jzS0BenefitAmount": null,
      "jzS1BenefitAmount": null,
      "jzS2BenefitAmount": null,
      "jzS3BenefitAmount": null,
      "jzS4BenefitAmount": null,
      "jzS5BenefitAmount": null,
      "jzS6BenefitAmount": null,
      "jzS7BenefitAmount": null,
      "playType": null,
      "totalBenefitAmount": "-111",
      "totalBenefitPoint": -1.11
    },
    {
      "calcId": "203833601212",
      "competitionType": "西甲",
      "level": "周一005",
      "matchTime": "2021-08-17 04:00",
      "teamNameH": "艾尔切",
      "teamNameA": "毕尔巴鄂竞技",
      "jzPValue": 1,
      "jzRateType": "体 彩（让球）",
      "jzWRate": "1.64",
      "jzDRate": "3.35",
      "jzLRate": "4.35",
      "changeJzWRate": 0,
      "changeJzDRate": 0,
      "changeJzLRate": 0,
      "jzWHighlight": true,
      "jzDHighlight": false,
      "jzLHighlight": false,
      "jzWPayAmount": "10000",
      "jzDPayAmount": null,
      "jzLPayAmount": null,
      "hgRateType": "欧   赔",
      "hgWRate": "3.85",
      "hgPDisplay": "",
      "hgPValue": -0.25,
      "hgDRate": "3.05",
      "hgLRate": "2.20",
      "changeHgWRate": 0,
      "changeHgDRate": 0,
      "changeHgLRate": 0,
      "hgWHighlight": false,
      "hgDHighlight": false,
      "hgLHighlight": true,
      "hgWPayAmount": null,
      "hgDPayAmount": null,
      "hgLPayAmount": "7455",
      "hgWBenefitAmount": null,
      "jzS0Rate": null,
      "changeJzS0Rate": 0,
      "jzS1Rate": null,
      "changeJzS1Rate": 0,
      "jzS2Rate": null,
      "changeJzS2Rate": 0,
      "jzS3Rate": null,
      "changeJzS3Rate": 0,
      "jzS4Rate": null,
      "changeJzS4Rate": 0,
      "jzS5Rate": null,
      "changeJzS5Rate": 0,
      "jzS6Rate": null,
      "changeJzS6Rate": 0,
      "jzS7Rate": null,
      "changeJzS7Rate": 0,
      "jzS0Highlight": false,
      "jzS1Highlight": false,
      "jzS2Highlight": false,
      "jzS3Highlight": false,
      "jzS4Highlight": false,
      "jzS5Highlight": false,
      "jzS6Highlight": false,
      "jzS7Highlight": false,
      "jzS0PayAmount": null,
      "jzS1PayAmount": null,
      "jzS2PayAmount": null,
      "jzS3PayAmount": null,
      "jzS4PayAmount": null,
      "jzS5PayAmount": null,
      "jzS6PayAmount": null,
      "jzS7PayAmount": null,
      "jzS0BenefitAmount": null,
      "jzS1BenefitAmount": null,
      "jzS2BenefitAmount": null,
      "jzS3BenefitAmount": null,
      "jzS4BenefitAmount": null,
      "jzS5BenefitAmount": null,
      "jzS6BenefitAmount": null,
      "jzS7BenefitAmount": null,
      "playType": null,
      "totalBenefitAmount": "-258",
      "totalBenefitPoint": -2.58
    },
    {
      "calcId": "203501901211",
      "competitionType": "法乙",
      "level": "周一004",
      "matchTime": "2021-08-17 02:45",
      "teamNameH": "巴黎足球会",
      "teamNameA": "欧塞尔",
      "jzPValue": -1,
      "jzRateType": "体 彩（让球）",
      "jzWRate": "4.05",
      "jzDRate": "3.50",
      "jzLRate": "1.65",
      "changeJzWRate": 0,
      "changeJzDRate": 0,
      "changeJzLRate": 0,
      "jzWHighlight": false,
      "jzDHighlight": false,
      "jzLHighlight": true,
      "jzWPayAmount": null,
      "jzDPayAmount": null,
      "jzLPayAmount": "10000",
      "hgRateType": "欧   赔",
      "hgWRate": "2.16",
      "hgPDisplay": "",
      "hgPValue": 0.25,
      "hgDRate": "3.20",
      "hgLRate": "3.05",
      "changeHgWRate": 0,
      "changeHgDRate": 0,
      "changeHgLRate": 0,
      "hgWHighlight": true,
      "hgDHighlight": false,
      "hgLHighlight": false,
      "hgWPayAmount": "7639",
      "hgDPayAmount": null,
      "hgLPayAmount": null,
      "hgWBenefitAmount": null,
      "jzS0Rate": null,
      "changeJzS0Rate": 0,
      "jzS1Rate": null,
      "changeJzS1Rate": 0,
      "jzS2Rate": null,
      "changeJzS2Rate": 0,
      "jzS3Rate": null,
      "changeJzS3Rate": 0,
      "jzS4Rate": null,
      "changeJzS4Rate": 0,
      "jzS5Rate": null,
      "changeJzS5Rate": 0,
      "jzS6Rate": null,
      "changeJzS6Rate": 0,
      "jzS7Rate": null,
      "changeJzS7Rate": 0,
      "jzS0Highlight": false,
      "jzS1Highlight": false,
      "jzS2Highlight": false,
      "jzS3Highlight": false,
      "jzS4Highlight": false,
      "jzS5Highlight": false,
      "jzS6Highlight": false,
      "jzS7Highlight": false,
      "jzS0PayAmount": null,
      "jzS1PayAmount": null,
      "jzS2PayAmount": null,
      "jzS3PayAmount": null,
      "jzS4PayAmount": null,
      "jzS5PayAmount": null,
      "jzS6PayAmount": null,
      "jzS7PayAmount": null,
      "jzS0BenefitAmount": null,
      "jzS1BenefitAmount": null,
      "jzS2BenefitAmount": null,
      "jzS3BenefitAmount": null,
      "jzS4BenefitAmount": null,
      "jzS5BenefitAmount": null,
      "jzS6BenefitAmount": null,
      "jzS7BenefitAmount": null,
      "playType": null,
      "totalBenefitAmount": "-340",
      "totalBenefitPoint": -3.4
    },
    {
      "calcId": "204650901211",
      "competitionType": "葡超",
      "level": "周一003",
      "matchTime": "2021-08-17 02:00",
      "teamNameH": "博阿维斯塔",
      "teamNameA": "费雷拉",
      "jzPValue": -1,
      "jzRateType": "体 彩（让球）",
      "jzWRate": "6.70",
      "jzDRate": "4.10",
      "jzLRate": "1.34",
      "changeJzWRate": 0,
      "changeJzDRate": 0,
      "changeJzLRate": 0,
      "jzWHighlight": false,
      "jzDHighlight": false,
      "jzLHighlight": true,
      "jzWPayAmount": null,
      "jzDPayAmount": null,
      "jzLPayAmount": "10000",
      "hgRateType": "欧   赔",
      "hgWRate": "2.95",
      "hgPDisplay": "",
      "hgPValue": -0.25,
      "hgDRate": "3.00",
      "hgLRate": "2.44",
      "changeHgWRate": 0,
      "changeHgDRate": 0,
      "changeHgLRate": 0,
      "hgWHighlight": true,
      "hgDHighlight": false,
      "hgLHighlight": false,
      "hgWPayAmount": "4542",
      "hgDPayAmount": null,
      "hgLPayAmount": null,
      "hgWBenefitAmount": null,
      "jzS0Rate": null,
      "changeJzS0Rate": 0,
      "jzS1Rate": null,
      "changeJzS1Rate": 0,
      "jzS2Rate": null,
      "changeJzS2Rate": 0,
      "jzS3Rate": null,
      "changeJzS3Rate": 0,
      "jzS4Rate": null,
      "changeJzS4Rate": 0,
      "jzS5Rate": null,
      "changeJzS5Rate": 0,
      "jzS6Rate": null,
      "changeJzS6Rate": 0,
      "jzS7Rate": null,
      "changeJzS7Rate": 0,
      "jzS0Highlight": false,
      "jzS1Highlight": false,
      "jzS2Highlight": false,
      "jzS3Highlight": false,
      "jzS4Highlight": false,
      "jzS5Highlight": false,
      "jzS6Highlight": false,
      "jzS7Highlight": false,
      "jzS0PayAmount": null,
      "jzS1PayAmount": null,
      "jzS2PayAmount": null,
      "jzS3PayAmount": null,
      "jzS4PayAmount": null,
      "jzS5PayAmount": null,
      "jzS6PayAmount": null,
      "jzS7PayAmount": null,
      "jzS0BenefitAmount": null,
      "jzS1BenefitAmount": null,
      "jzS2BenefitAmount": null,
      "jzS3BenefitAmount": null,
      "jzS4BenefitAmount": null,
      "jzS5BenefitAmount": null,
      "jzS6BenefitAmount": null,
      "jzS7BenefitAmount": null,
      "playType": null,
      "totalBenefitAmount": "-383",
      "totalBenefitPoint": -3.83
    },
    {
      "calcId": "196888401221",
      "competitionType": "瑞典超",
      "level": "周一002",
      "matchTime": "2021-08-17 01:00",
      "teamNameH": "瓦尔贝里",
      "teamNameA": "奥雷布洛",
      "jzPValue": -1,
      "jzRateType": "体 彩（让球）",
      "jzWRate": "3.20",
      "jzDRate": "3.50",
      "jzLRate": "1.85",
      "changeJzWRate": 0,
      "changeJzDRate": 0,
      "changeJzLRate": 0,
      "jzWHighlight": false,
      "jzDHighlight": false,
      "jzLHighlight": true,
      "jzWPayAmount": null,
      "jzDPayAmount": null,
      "jzLPayAmount": "10000",
      "hgRateType": "亚   赔",
      "hgWRate": "0.89",
      "hgPDisplay": "半球",
      "hgPValue": 0.5,
      "hgDRate": "3.60",
      "hgLRate": "1.00",
      "changeHgWRate": 0,
      "changeHgDRate": 0,
      "changeHgLRate": 0,
      "hgWHighlight": true,
      "hgDHighlight": false,
      "hgLHighlight": false,
      "hgWPayAmount": "9788",
      "hgDPayAmount": null,
      "hgLPayAmount": null,
      "hgWBenefitAmount": null,
      "jzS0Rate": null,
      "changeJzS0Rate": 0,
      "jzS1Rate": null,
      "changeJzS1Rate": 0,
      "jzS2Rate": null,
      "changeJzS2Rate": 0,
      "jzS3Rate": null,
      "changeJzS3Rate": 0,
      "jzS4Rate": null,
      "changeJzS4Rate": 0,
      "jzS5Rate": null,
      "changeJzS5Rate": 0,
      "jzS6Rate": null,
      "changeJzS6Rate": 0,
      "jzS7Rate": null,
      "changeJzS7Rate": 0,
      "jzS0Highlight": false,
      "jzS1Highlight": false,
      "jzS2Highlight": false,
      "jzS3Highlight": false,
      "jzS4Highlight": false,
      "jzS5Highlight": false,
      "jzS6Highlight": false,
      "jzS7Highlight": false,
      "jzS0PayAmount": null,
      "jzS1PayAmount": null,
      "jzS2PayAmount": null,
      "jzS3PayAmount": null,
      "jzS4PayAmount": null,
      "jzS5PayAmount": null,
      "jzS6PayAmount": null,
      "jzS7PayAmount": null,
      "jzS0BenefitAmount": null,
      "jzS1BenefitAmount": null,
      "jzS2BenefitAmount": null,
      "jzS3BenefitAmount": null,
      "jzS4BenefitAmount": null,
      "jzS5BenefitAmount": null,
      "jzS6BenefitAmount": null,
      "jzS7BenefitAmount": null,
      "playType": null,
      "totalBenefitAmount": "-392",
      "totalBenefitPoint": -3.92
    }
  ],
  "ttgData": []
};

